Crop,Nitrogen_N,Phosphorus_P,Potassium_K,pH,Rainfall_mm,Temperature_C,Humidity_percent,Land_Size_hectares,Scheme
Pulses,71,29,91,6.89,2038,26.15,45.0,4.86,PM-KISAN
Maize,41,67,21,7.39,1615,39.81,70.87,6.31,Soil Health Card Scheme
Spices,111,74,99,5.43,962,24.56,89.16,4.93,Soil Health Card Scheme
Pulses,40,53,37,8.3,2461,35.21,55.23,1.43,PM-KISAN
Pulses,63,22,66,5.19,2355,19.56,77.77,4.54,Soil Health Card Scheme
Wheat,109,58,53,6.08,1395,29.95,86.09,1.34,PM-KISAN
Vegetables,104,67,43,5.93,1163,30.18,53.8,3.31,PM-KISAN
Fruits,90,23,20,5.29,1895,15.35,49.94,7.26,PM Fasal Bima Yojana
Jute,125,55,47,7.95,2263,26.24,44.77,4.02,PM Fasal Bima Yojana
Jute,118,58,54,6.39,1885,36.22,76.09,2.74,PM-KISAN
Spices,61,65,82,8.08,963,29.08,74.78,1.82,PM-KISAN
Cotton,32,46,90,5.66,2219,38.24,80.41,6.52,PM Fasal Bima Yojana
Cotton,49,76,94,5.8,2438,37.4,55.9,1.55,PM Fasal Bima Yojana
Cotton,96,17,89,6.54,1048,27.12,74.62,3.06,PM-KISAN
Vegetables,124,66,81,8.39,963,21.17,74.82,7.27,Paramparagat Krishi Vikas Yojana
Rice,21,16,73,4.63,2159,37.71,51.98,1.88,PM-KISAN
Sugarcane,51,69,94,5.98,800,33.21,58.39,6.51,Soil Health Card Scheme
Rice,92,73,89,7.28,2194,29.77,73.88,0.66,PM-KISAN
Maize,39,66,52,6.09,1040,31.89,76.76,2.49,Soil Health Card Scheme
Spices,118,21,35,7.77,1416,27.92,53.04,9.96,Soil Health Card Scheme
Jute,56,46,28,5.62,2082,33.15,84.86,8.93,PM Fasal Bima Yojana
Vegetables,135,50,57,7.18,653,15.23,45.07,6.8,Soil Health Card Scheme
Sugarcane,54,75,60,5.2,2003,20.93,56.27,7.59,PM Fasal Bima Yojana
Pulses,86,31,52,6.67,1354,24.19,53.26,2.82,Paramparagat Krishi Vikas Yojana
Maize,73,22,46,6.24,1197,31.13,73.45,8.71,PM Fasal Bima Yojana
Cotton,54,78,68,4.67,1643,26.75,53.98,8.89,Soil Health Card Scheme
Jute,43,60,72,6.79,1099,36.33,54.72,4.16,PM Fasal Bima Yojana
Maize,37,39,73,7.28,2295,16.76,50.45,6.88,PM Fasal Bima Yojana
Spices,36,47,28,7.31,1900,22.41,60.99,2.93,Soil Health Card Scheme
Spices,26,71,55,7.69,799,16.27,84.33,0.76,PM-KISAN
Pulses,82,65,44,5.12,1548,35.97,83.02,2.88,Soil Health Card Scheme
Jute,116,22,72,5.59,404,26.43,82.1,2.35,PM Fasal Bima Yojana
Maize,74,54,71,5.03,769,27.91,56.15,8.05,PM Fasal Bima Yojana
Pulses,109,76,42,6.21,2331,25.22,48.66,1.99,PM Fasal Bima Yojana
Fruits,123,15,35,6.57,1103,28.86,70.59,4.49,PM Fasal Bima Yojana
Jute,105,71,48,4.96,1492,17.35,55.57,9.81,PM Krishi Sinchai Yojana
Jute,58,47,42,4.69,2181,30.88,42.27,4.06,PM Fasal Bima Yojana
Spices,115,15,88,7.24,735,31.06,41.33,6.06,Soil Health Card Scheme
Vegetables,31,64,54,7.07,1356,28.64,87.07,4.17,Soil Health Card Scheme
Spices,62,58,48,4.78,2030,24.43,41.95,6.37,Soil Health Card Scheme
Spices,93,48,26,4.97,2049,30.72,83.87,7.48,PM Fasal Bima Yojana
Fruits,55,24,92,6.77,1522,25.32,58.6,7.88,Paramparagat Krishi Vikas Yojana
Jute,31,69,32,7.46,1272,24.44,66.72,5.22,PM Fasal Bima Yojana
Maize,68,26,80,8.12,475,23.87,87.84,6.93,PM Fasal Bima Yojana
Spices,130,30,88,5.67,1892,33.81,79.58,8.0,PM-KISAN
Spices,77,53,33,6.7,1556,33.43,67.3,7.21,Paramparagat Krishi Vikas Yojana
Fruits,93,72,36,4.9,1942,25.65,51.13,4.27,Soil Health Card Scheme
Wheat,24,43,56,5.43,1919,36.58,84.02,2.75,PM Fasal Bima Yojana
Cotton,55,45,38,7.61,1605,32.63,52.44,3.64,PM Fasal Bima Yojana
Wheat,111,72,39,4.98,1228,35.57,77.21,6.97,Soil Health Card Scheme
Rice,44,70,52,5.39,533,35.05,88.9,5.78,PM Krishi Sinchai Yojana
Jute,55,33,39,4.8,2494,30.73,74.79,4.82,PM Fasal Bima Yojana
Sugarcane,22,30,76,8.16,1753,38.76,84.51,4.83,PM Fasal Bima Yojana
Vegetables,111,50,27,5.91,939,16.94,88.72,9.87,PM Fasal Bima Yojana
Rice,92,47,96,7.24,1324,18.33,43.81,9.44,PM Fasal Bima Yojana
Jute,66,39,85,4.83,1197,36.65,42.26,0.75,PM-KISAN
Rice,37,63,30,6.88,462,24.82,81.46,5.91,PM-KISAN
Pulses,25,19,22,6.72,1113,36.24,52.37,4.78,Soil Health Card Scheme
Cotton,81,79,51,4.69,1974,31.79,66.02,7.84,Soil Health Card Scheme
Rice,73,19,76,6.86,1652,30.51,75.2,2.52,PM-KISAN
Sugarcane,69,44,98,6.25,846,33.16,67.37,4.78,Paramparagat Krishi Vikas Yojana
Pulses,125,65,24,7.69,537,38.16,64.61,2.95,PM Fasal Bima Yojana
Wheat,25,67,85,5.82,442,21.0,43.79,1.72,Soil Health Card Scheme
Vegetables,23,70,44,8.09,1066,31.69,48.62,2.33,PM-KISAN
Spices,80,36,40,6.69,923,20.16,58.21,5.28,Soil Health Card Scheme
Fruits,45,61,75,7.99,447,16.53,53.84,8.16,PM Fasal Bima Yojana
Cotton,98,61,75,6.44,873,34.0,66.56,7.34,PM-KISAN
Maize,26,17,42,6.55,2174,15.76,83.36,3.86,PM Krishi Sinchai Yojana
Spices,58,71,36,5.35,525,17.99,84.53,6.14,PM Fasal Bima Yojana
Maize,124,32,53,6.73,1941,37.49,70.38,2.82,PM Fasal Bima Yojana
Sugarcane,120,47,72,4.91,2133,24.13,64.39,8.58,Soil Health Card Scheme
Vegetables,74,23,22,6.6,1463,32.42,89.86,9.02,Soil Health Card Scheme
Cotton,98,20,70,7.78,593,28.92,68.58,3.16,PM Fasal Bima Yojana
Sugarcane,45,33,39,5.47,958,32.68,78.39,1.33,PM-KISAN
Cotton,96,17,52,5.98,2439,18.36,43.17,9.9,Soil Health Card Scheme
Rice,82,31,28,6.88,2343,30.15,79.71,1.51,PM-KISAN
Wheat,97,23,53,5.22,1970,38.16,76.08,0.96,PM-KISAN
Fruits,120,28,79,5.15,1124,19.66,51.78,6.52,Soil Health Card Scheme
Fruits,128,56,37,7.77,1718,32.84,84.98,6.43,Soil Health Card Scheme
Rice,44,31,85,6.67,2370,25.79,56.64,7.44,PM Fasal Bima Yojana
Cotton,34,43,52,6.63,1654,29.33,89.88,7.65,Soil Health Card Scheme
Pulses,52,24,24,8.01,1541,35.53,45.53,8.54,PM Krishi Sinchai Yojana
Jute,48,61,87,7.39,529,15.31,69.92,5.87,PM Fasal Bima Yojana
Jute,39,25,93,5.87,1111,25.59,54.4,6.34,Soil Health Card Scheme
Vegetables,81,74,62,8.23,755,37.97,79.5,0.72,PM-KISAN
Rice,111,45,28,6.2,1830,18.07,51.8,2.07,PM Krishi Sinchai Yojana
Rice,82,68,74,5.41,2334,24.98,42.74,3.68,PM Fasal Bima Yojana
Jute,45,55,54,6.09,936,36.59,86.15,4.92,PM Fasal Bima Yojana
Rice,62,73,70,5.49,424,27.46,60.95,9.19,Soil Health Card Scheme
Sugarcane,45,42,68,5.21,1507,26.47,67.87,8.68,Soil Health Card Scheme
Vegetables,68,15,32,6.09,1351,37.45,50.26,2.31,Soil Health Card Scheme
Vegetables,38,32,20,7.6,593,28.36,64.05,5.22,PM Fasal Bima Yojana
Cotton,20,22,48,4.8,1199,21.81,84.87,5.5,Soil Health Card Scheme
Pulses,111,46,69,7.97,1232,28.79,52.69,2.36,Soil Health Card Scheme
Vegetables,73,65,27,4.9,1511,33.06,82.78,8.39,Soil Health Card Scheme
Jute,33,69,67,4.85,729,17.14,50.39,0.75,PM Fasal Bima Yojana
Wheat,21,15,66,7.0,1145,35.63,58.15,0.83,PM-KISAN
Jute,57,23,72,5.68,1923,39.36,78.99,1.59,PM-KISAN
Pulses,115,28,28,6.67,636,25.06,50.9,6.63,Soil Health Card Scheme
Spices,77,43,56,4.57,2489,29.41,53.7,5.76,PM Fasal Bima Yojana
Spices,95,41,76,5.57,1130,29.94,70.03,6.82,PM-KISAN
Rice,45,76,65,4.69,2245,33.45,44.14,6.23,PM Fasal Bima Yojana
Cotton,132,73,58,6.94,1733,26.9,73.18,9.4,PM Krishi Sinchai Yojana
Rice,55,34,81,8.32,2426,23.36,78.55,1.51,PM Fasal Bima Yojana
Fruits,80,57,61,6.34,530,16.94,40.12,9.69,PM-KISAN
Jute,63,73,68,5.05,729,32.26,66.07,1.32,PM-KISAN
Maize,27,35,99,7.9,1512,31.17,74.66,0.99,PM-KISAN
Spices,35,31,42,6.72,649,22.82,46.03,7.44,PM-KISAN
Pulses,112,53,37,6.59,1014,15.93,69.81,2.69,PM-KISAN
Jute,62,54,74,6.12,438,22.88,66.97,8.01,Soil Health Card Scheme
Spices,127,69,61,8.46,650,36.87,66.45,9.42,PM Fasal Bima Yojana
Pulses,65,43,81,4.85,717,27.0,71.38,8.8,Soil Health Card Scheme
Spices,49,39,24,7.43,2450,26.68,54.85,8.6,PM Fasal Bima Yojana
Jute,44,62,84,8.14,2398,25.69,59.22,6.96,Soil Health Card Scheme
Jute,62,53,75,8.04,410,37.59,89.46,7.56,Soil Health Card Scheme
Sugarcane,136,71,60,5.25,2311,23.75,42.89,9.71,PM Fasal Bima Yojana
Maize,39,75,54,7.53,402,35.4,51.22,2.63,PM Fasal Bima Yojana
Fruits,87,28,30,8.01,1387,26.92,42.22,8.6,PM Fasal Bima Yojana
Fruits,24,25,78,5.63,1374,15.13,74.79,0.96,PM-KISAN
Jute,79,62,96,8.08,1372,36.28,64.76,5.07,PM Fasal Bima Yojana
Spices,86,70,59,7.21,2396,21.68,83.93,8.08,PM Fasal Bima Yojana
Rice,78,73,67,7.33,762,20.97,86.5,1.51,PM-KISAN
Pulses,24,59,77,6.36,1454,35.65,46.44,3.68,PM Fasal Bima Yojana
Wheat,119,16,97,7.53,1947,15.16,54.35,6.36,PM Fasal Bima Yojana
Rice,123,74,83,6.66,1074,18.21,54.17,0.68,PM-KISAN
Wheat,82,42,79,5.22,2484,17.56,86.86,7.03,PM Krishi Sinchai Yojana
Sugarcane,36,24,84,4.73,1103,31.9,62.3,6.65,Soil Health Card Scheme
Pulses,48,25,52,5.79,969,15.03,47.95,4.95,PM Fasal Bima Yojana
Maize,32,53,34,7.68,1498,20.52,44.12,6.96,Soil Health Card Scheme
Maize,100,70,40,8.14,1268,30.96,59.88,3.11,Soil Health Card Scheme
Rice,77,52,34,7.48,2255,36.7,75.75,5.85,PM Fasal Bima Yojana
Vegetables,79,60,36,4.86,919,34.27,82.24,7.73,Soil Health Card Scheme
Jute,43,74,22,5.24,926,27.04,45.87,1.69,PM-KISAN
Cotton,28,52,67,6.47,1413,23.15,69.51,4.62,Soil Health Card Scheme
Rice,91,35,37,7.22,737,27.0,70.0,3.27,PM Krishi Sinchai Yojana
Rice,121,55,27,7.4,1511,18.65,45.14,5.92,PM Fasal Bima Yojana
Cotton,52,54,51,8.26,401,28.36,84.13,1.28,PM-KISAN
Spices,41,52,65,7.27,542,20.0,48.37,1.49,PM-KISAN
Maize,25,23,25,6.97,1839,22.47,86.76,9.5,Soil Health Card Scheme
Cotton,81,21,94,8.08,1299,29.94,79.19,5.07,PM-KISAN
Wheat,137,26,31,5.14,1724,30.39,56.45,4.97,Soil Health Card Scheme
Pulses,72,69,51,6.49,2389,32.98,51.42,9.97,PM Fasal Bima Yojana
Maize,47,49,80,4.79,2382,20.09,82.02,2.15,PM Fasal Bima Yojana
Spices,80,38,39,7.02,1787,34.19,65.24,5.66,Soil Health Card Scheme
Fruits,55,48,55,6.19,1154,29.81,85.62,2.5,Soil Health Card Scheme
Vegetables,40,29,45,7.36,877,19.49,51.88,9.73,PM-KISAN
Jute,57,55,81,4.89,780,26.13,65.74,3.91,Soil Health Card Scheme
Sugarcane,36,42,85,7.93,660,23.13,78.67,1.74,PM-KISAN
Spices,86,28,99,6.58,2201,31.73,47.29,4.77,PM Fasal Bima Yojana
Rice,76,78,47,4.65,2356,23.92,66.68,7.93,PM Fasal Bima Yojana
Vegetables,47,20,80,4.64,1368,28.28,86.83,0.87,Soil Health Card Scheme
Jute,78,47,70,4.67,889,24.93,63.99,7.02,PM Fasal Bima Yojana
Fruits,58,70,62,6.46,1717,18.49,41.5,3.43,PM Krishi Sinchai Yojana
Spices,138,22,20,7.42,1781,36.7,48.86,7.08,PM Fasal Bima Yojana
Spices,62,44,36,7.82,702,29.27,41.52,9.34,Soil Health Card Scheme
Rice,20,33,50,7.14,1727,31.28,45.33,6.75,Soil Health Card Scheme
Sugarcane,82,47,60,8.47,888,17.73,72.53,7.77,PM Fasal Bima Yojana
Maize,89,27,42,6.24,1754,24.39,54.84,6.67,PM Fasal Bima Yojana
Rice,95,29,40,6.02,1896,29.91,67.28,4.72,PM-KISAN
Maize,91,60,28,6.02,1873,26.98,41.28,3.74,PM Fasal Bima Yojana
Jute,98,58,34,6.08,1749,33.67,75.77,5.45,PM Krishi Sinchai Yojana
Pulses,99,61,34,5.47,1114,24.5,49.86,5.05,PM-KISAN
Cotton,131,66,46,8.22,1579,28.48,55.57,6.3,Soil Health Card Scheme
Rice,96,18,94,4.99,1462,28.13,75.45,1.52,PM-KISAN
Spices,75,50,87,4.85,2245,28.76,42.17,6.51,PM Fasal Bima Yojana
Pulses,41,35,28,7.67,2206,30.27,60.55,8.48,PM Fasal Bima Yojana
Rice,45,51,87,5.6,545,34.17,47.49,4.53,Paramparagat Krishi Vikas Yojana
Rice,138,35,41,4.59,1387,20.15,71.9,2.94,Soil Health Card Scheme
Fruits,44,16,83,5.05,1977,25.7,75.88,7.08,Soil Health Card Scheme
Maize,87,56,51,5.6,1405,21.62,72.26,6.16,PM Fasal Bima Yojana
Rice,89,55,87,6.27,1355,35.01,51.69,5.63,PM Fasal Bima Yojana
Wheat,86,58,77,5.83,1553,39.85,73.09,5.8,PM Fasal Bima Yojana
Cotton,27,36,63,4.86,2268,30.87,77.74,2.12,PM Fasal Bima Yojana
Fruits,74,30,31,5.89,2331,39.53,63.74,4.13,Paramparagat Krishi Vikas Yojana
Sugarcane,24,79,49,6.58,855,33.88,46.39,8.35,Soil Health Card Scheme
Wheat,33,50,42,5.55,2001,24.52,57.32,2.77,PM Fasal Bima Yojana
Maize,71,76,42,8.27,710,19.04,79.31,5.96,Soil Health Card Scheme
Cotton,125,26,68,4.97,993,30.7,73.72,5.56,Soil Health Card Scheme
Maize,99,21,71,7.77,798,25.07,48.68,7.1,Paramparagat Krishi Vikas Yojana
Spices,44,39,73,5.75,494,27.18,70.31,7.77,Soil Health Card Scheme
Fruits,25,39,32,5.97,1363,18.38,88.16,5.72,Soil Health Card Scheme
Cotton,37,74,82,7.06,2284,15.44,70.13,3.97,Soil Health Card Scheme
Wheat,29,16,30,7.52,2350,32.38,89.18,2.77,PM Fasal Bima Yojana
Maize,26,30,23,7.03,1975,35.35,70.76,3.41,PM Fasal Bima Yojana
Sugarcane,122,64,82,7.67,1997,31.35,57.71,5.49,PM Fasal Bima Yojana
Pulses,120,19,74,6.16,1141,21.5,78.01,1.8,PM-KISAN
Rice,32,67,64,4.67,864,17.74,67.4,4.82,PM Fasal Bima Yojana
Pulses,136,40,87,7.96,1023,33.43,63.8,4.07,PM Fasal Bima Yojana
Sugarcane,61,35,61,8.07,504,17.55,72.93,9.46,PM Fasal Bima Yojana
Rice,29,72,79,7.62,1114,27.39,59.32,4.78,Paramparagat Krishi Vikas Yojana
Pulses,107,59,88,7.45,1431,16.04,44.24,7.31,PM-KISAN
Vegetables,36,19,39,7.45,2350,22.41,57.49,7.86,PM Fasal Bima Yojana
Maize,126,72,24,6.7,2437,34.11,53.25,0.7,PM Fasal Bima Yojana
Vegetables,123,39,92,6.03,1362,18.03,70.75,7.86,Soil Health Card Scheme
Spices,138,76,29,7.69,1051,26.86,45.7,5.12,Soil Health Card Scheme
Wheat,30,24,34,4.94,2088,24.4,67.5,4.19,Paramparagat Krishi Vikas Yojana
Maize,65,35,51,5.77,438,36.16,85.95,2.9,PM Fasal Bima Yojana
Jute,27,60,26,5.22,2159,19.44,67.25,9.85,PM Fasal Bima Yojana
Wheat,21,43,98,4.87,1886,27.65,82.04,7.46,Soil Health Card Scheme
Rice,75,17,82,4.92,422,32.22,83.67,6.54,PM Fasal Bima Yojana
Vegetables,125,72,35,7.75,2299,33.16,89.59,1.44,PM-KISAN
Spices,117,24,40,7.43,2154,19.7,57.77,7.95,PM Fasal Bima Yojana
Sugarcane,125,72,73,7.83,2397,20.06,87.9,4.0,PM-KISAN
Pulses,89,70,77,5.97,1804,31.08,79.02,2.56,PM-KISAN
Sugarcane,104,68,40,4.62,2195,19.53,59.38,4.32,PM Fasal Bima Yojana
Maize,107,72,74,7.31,561,29.98,70.11,0.72,PM-KISAN
Maize,41,38,95,7.64,1397,20.25,81.26,5.44,PM Fasal Bima Yojana
Pulses,132,69,37,5.99,1536,29.96,76.78,9.98,Paramparagat Krishi Vikas Yojana
Rice,36,18,39,7.64,2410,32.15,89.56,7.6,PM Fasal Bima Yojana
Spices,35,75,29,5.84,1372,32.51,69.29,6.07,Soil Health Card Scheme
Maize,136,33,61,7.91,1321,36.82,82.1,2.27,PM Fasal Bima Yojana
Spices,83,19,89,7.02,1037,33.2,64.82,4.65,Soil Health Card Scheme
Sugarcane,60,68,65,6.94,587,24.97,86.13,4.98,PM-KISAN
Sugarcane,111,21,54,5.6,669,21.24,53.6,7.71,Soil Health Card Scheme
Sugarcane,63,59,75,4.69,1274,18.48,66.62,4.41,Paramparagat Krishi Vikas Yojana
Wheat,51,34,34,8.03,1849,35.7,79.39,6.43,PM Fasal Bima Yojana
Jute,101,17,56,6.76,2338,22.72,87.35,9.69,PM Krishi Sinchai Yojana
Spices,90,47,43,4.96,2475,33.07,43.38,7.22,PM Fasal Bima Yojana
Sugarcane,129,79,93,5.16,1937,31.6,50.8,1.43,PM-KISAN
Maize,58,54,57,7.73,1010,16.3,79.31,2.41,PM-KISAN
Cotton,129,29,98,8.02,1181,20.97,62.56,9.86,Soil Health Card Scheme
Wheat,44,17,91,5.63,1977,27.45,45.27,6.74,Soil Health Card Scheme
Wheat,62,33,88,8.36,407,22.18,79.64,5.99,PM Fasal Bima Yojana
Pulses,28,61,34,8.16,1527,28.0,62.38,5.8,Soil Health Card Scheme
Maize,46,54,52,6.89,1414,19.61,84.7,6.72,PM-KISAN
Cotton,113,33,51,4.97,2330,27.63,88.36,4.47,PM Fasal Bima Yojana
Jute,49,27,53,5.16,1525,39.49,72.81,1.73,PM-KISAN
Maize,116,39,39,8.06,626,19.69,82.91,8.28,Soil Health Card Scheme
Maize,79,58,30,8.11,1787,26.48,57.89,5.2,Soil Health Card Scheme
Spices,131,35,47,7.8,589,32.98,61.01,9.1,PM Fasal Bima Yojana
Wheat,77,71,42,6.98,2074,36.09,52.7,0.8,PM-KISAN
Wheat,85,54,47,7.23,2083,20.68,81.85,3.15,PM Fasal Bima Yojana
Cotton,77,39,66,5.72,932,15.83,55.2,6.71,PM Fasal Bima Yojana
Rice,58,23,96,8.1,1538,37.68,73.54,5.82,Soil Health Card Scheme
Sugarcane,33,76,54,6.15,2446,17.77,61.13,0.9,PM-KISAN
Spices,121,36,67,7.33,1849,32.48,81.97,9.83,Soil Health Card Scheme
Fruits,138,33,66,6.3,1543,32.59,67.03,1.42,PM-KISAN
Vegetables,71,28,94,4.8,440,16.2,85.14,8.6,PM Fasal Bima Yojana
Sugarcane,60,69,35,5.46,2093,25.73,53.39,8.0,PM Fasal Bima Yojana
Jute,88,62,39,5.38,2444,28.13,41.63,8.75,Soil Health Card Scheme
Vegetables,64,61,59,5.77,926,30.05,84.63,4.71,Soil Health Card Scheme
Maize,57,34,48,7.06,2246,27.81,45.21,4.15,PM Fasal Bima Yojana
Sugarcane,127,48,74,8.44,1510,25.17,84.57,0.53,Soil Health Card Scheme
Vegetables,102,79,76,5.83,1266,19.9,70.54,3.17,PM-KISAN
Sugarcane,68,60,81,7.83,803,17.7,56.94,8.12,PM Fasal Bima Yojana
Spices,126,68,28,7.77,1216,30.43,45.69,3.78,Soil Health Card Scheme
Fruits,58,27,83,7.31,1306,18.29,53.74,4.25,PM Fasal Bima Yojana
Vegetables,91,75,31,7.2,2352,35.59,87.75,8.3,Soil Health Card Scheme
Pulses,49,61,68,6.92,2081,17.86,59.19,4.83,PM-KISAN
Vegetables,103,29,60,8.27,1358,31.15,72.32,8.94,Soil Health Card Scheme
Wheat,70,53,47,5.19,1028,37.56,43.32,5.57,PM Fasal Bima Yojana
Maize,126,79,74,6.81,1780,18.08,67.93,3.76,Paramparagat Krishi Vikas Yojana
Fruits,57,42,40,7.27,2081,25.1,43.88,5.65,PM Fasal Bima Yojana
Wheat,51,42,63,8.17,2470,22.97,69.11,4.03,PM Fasal Bima Yojana
Cotton,52,38,58,6.55,406,18.56,84.5,3.79,PM-KISAN
Wheat,111,49,62,6.04,525,29.9,45.06,8.55,PM Fasal Bima Yojana
Cotton,75,79,50,7.25,2300,39.3,51.42,9.79,PM Fasal Bima Yojana
Cotton,45,41,65,4.62,1657,24.89,55.66,1.9,PM-KISAN
Spices,120,51,61,6.0,2131,39.87,67.27,1.34,PM-KISAN
Cotton,36,36,87,8.42,2332,28.54,78.1,8.42,PM Fasal Bima Yojana
Spices,117,46,70,5.21,740,23.56,53.51,9.68,Soil Health Card Scheme
Maize,20,77,43,8.5,1308,30.66,64.44,4.32,Soil Health Card Scheme
Wheat,123,38,38,5.31,1707,36.31,75.54,9.12,Soil Health Card Scheme
Wheat,30,68,64,6.33,1910,18.12,79.71,3.12,Soil Health Card Scheme
Sugarcane,36,33,45,8.42,2171,33.87,64.6,3.37,PM Fasal Bima Yojana
Rice,81,37,34,6.92,1103,27.31,68.86,8.72,Paramparagat Krishi Vikas Yojana
Wheat,111,65,66,7.56,1302,38.9,50.02,1.54,PM-KISAN
Rice,100,33,82,8.03,1436,39.29,51.04,7.47,PM Fasal Bima Yojana
Sugarcane,112,57,86,7.27,2233,30.81,72.22,8.29,Paramparagat Krishi Vikas Yojana
Fruits,113,61,54,8.49,512,17.25,40.12,0.92,PM-KISAN
Jute,20,29,56,4.52,1047,34.22,72.93,7.78,Soil Health Card Scheme
Wheat,82,37,28,7.39,813,15.61,55.31,5.72,PM Fasal Bima Yojana
Wheat,64,75,35,7.23,2080,27.52,79.73,7.22,PM-KISAN
Vegetables,130,45,53,5.62,1638,38.23,60.26,9.11,PM Fasal Bima Yojana
Rice,36,44,72,4.63,1476,25.4,77.98,2.28,Soil Health Card Scheme
Spices,29,68,71,7.05,1411,22.58,54.5,5.85,Paramparagat Krishi Vikas Yojana
Vegetables,101,26,50,5.64,1249,35.59,76.09,3.08,PM Fasal Bima Yojana
Fruits,114,40,37,5.6,1511,35.98,40.19,2.84,PM Fasal Bima Yojana
Fruits,84,33,28,7.87,827,29.3,85.36,9.46,Soil Health Card Scheme
Sugarcane,131,70,95,7.2,870,27.35,59.38,6.51,PM Krishi Sinchai Yojana
Spices,66,37,40,8.0,1524,39.15,78.05,9.53,PM Fasal Bima Yojana
Fruits,40,26,56,4.69,1524,27.46,59.26,8.73,Soil Health Card Scheme
Wheat,97,27,32,6.16,1048,31.43,63.61,8.86,PM-KISAN
Pulses,64,48,28,5.05,2227,33.46,55.78,6.63,Soil Health Card Scheme
Sugarcane,84,35,32,4.73,517,34.55,67.19,1.45,PM-KISAN
Jute,121,38,21,4.58,797,25.34,64.64,4.34,Soil Health Card Scheme
Sugarcane,135,38,48,6.36,1139,16.04,59.88,7.74,PM Fasal Bima Yojana
Rice,123,72,95,5.0,2105,34.25,80.36,1.64,PM Krishi Sinchai Yojana
Spices,26,71,31,4.51,883,28.71,83.96,6.92,Soil Health Card Scheme
Vegetables,116,59,78,5.71,594,32.75,86.87,6.23,PM Fasal Bima Yojana
Pulses,63,18,28,5.46,2247,39.78,67.22,9.65,PM-KISAN
Pulses,125,71,45,7.89,860,35.28,71.8,4.19,PM Fasal Bima Yojana
Rice,68,61,71,5.85,2123,28.47,43.03,7.05,PM Fasal Bima Yojana
Wheat,24,66,94,4.68,2096,38.95,66.48,2.8,PM Fasal Bima Yojana
Jute,65,20,57,8.21,2332,26.46,68.04,8.71,PM Fasal Bima Yojana
Rice,100,64,30,6.07,2005,17.72,71.83,5.23,PM Fasal Bima Yojana
Spices,81,25,37,6.87,1269,30.56,89.06,2.31,PM Krishi Sinchai Yojana
Wheat,36,57,99,8.41,1670,24.82,82.71,7.84,PM-KISAN
Pulses,100,73,63,4.55,2036,24.42,67.6,8.15,Soil Health Card Scheme
Vegetables,85,69,91,7.73,748,27.02,73.12,1.63,Paramparagat Krishi Vikas Yojana
Maize,20,46,90,5.99,1379,17.27,41.63,1.05,PM-KISAN
Spices,97,31,37,8.47,1260,29.1,57.93,6.74,PM-KISAN
Cotton,135,24,78,5.38,504,20.72,87.82,1.91,PM-KISAN
Fruits,112,25,75,6.82,1532,23.83,84.7,9.49,Paramparagat Krishi Vikas Yojana
Jute,97,18,42,6.41,1822,28.61,50.22,2.93,Soil Health Card Scheme
Fruits,110,29,56,6.34,1790,35.27,81.79,3.66,PM Fasal Bima Yojana
Vegetables,43,18,86,6.56,678,38.28,59.59,5.69,PM Fasal Bima Yojana
Fruits,79,68,89,4.72,2073,20.01,50.18,0.6,PM-KISAN
Maize,105,61,87,8.37,1934,31.02,60.8,7.71,Soil Health Card Scheme
Jute,44,41,70,5.23,895,37.55,80.33,9.86,PM Fasal Bima Yojana
Jute,73,35,91,7.14,2222,33.85,41.03,3.06,PM Fasal Bima Yojana
Rice,30,24,36,6.91,1534,32.86,77.95,1.47,PM-KISAN
Fruits,70,50,85,7.29,2314,35.09,46.1,1.69,PM-KISAN
Fruits,100,48,60,5.28,1564,20.33,73.26,1.99,Soil Health Card Scheme
Pulses,83,79,86,6.43,1967,24.68,85.33,0.65,PM-KISAN
Maize,123,72,52,8.38,1100,17.44,67.95,5.26,PM Fasal Bima Yojana
Rice,68,54,84,5.74,789,17.96,88.08,7.29,PM Fasal Bima Yojana
Spices,108,34,87,7.0,1937,36.79,73.64,8.07,Soil Health Card Scheme
Maize,133,30,70,4.55,863,19.07,49.35,0.69,PM-KISAN
Jute,46,26,36,8.24,916,33.32,60.23,1.15,PM-KISAN
Wheat,131,33,88,4.79,851,39.55,79.24,7.47,Soil Health Card Scheme
Sugarcane,112,34,48,5.8,760,39.51,43.38,5.43,PM Krishi Sinchai Yojana
Jute,47,76,60,7.45,1891,25.57,57.33,4.28,PM Fasal Bima Yojana
Spices,117,49,99,7.02,421,18.6,69.77,2.14,PM Fasal Bima Yojana
Cotton,110,55,73,7.28,802,30.59,72.43,3.04,Paramparagat Krishi Vikas Yojana
Spices,92,62,89,5.75,499,21.24,40.1,2.15,PM Fasal Bima Yojana
Jute,98,73,41,8.26,1671,29.69,75.06,6.96,Soil Health Card Scheme
Rice,64,21,68,6.67,482,38.94,59.95,8.48,Soil Health Card Scheme
Sugarcane,36,41,73,5.81,2179,33.71,85.73,4.62,Soil Health Card Scheme
Fruits,46,40,38,6.86,442,30.94,52.1,7.28,PM-KISAN
Pulses,130,66,66,4.62,2440,15.4,43.86,9.16,Soil Health Card Scheme
Spices,52,30,67,5.83,1761,35.13,81.15,9.36,PM Fasal Bima Yojana
Maize,93,79,27,4.77,889,25.69,50.31,8.1,Paramparagat Krishi Vikas Yojana
Rice,73,51,28,4.64,844,36.84,71.9,8.42,PM Fasal Bima Yojana
Wheat,126,51,98,4.76,462,22.31,62.2,0.71,PM-KISAN
Pulses,80,68,87,5.34,1222,32.82,40.57,4.38,Soil Health Card Scheme
Jute,131,43,24,7.65,2468,33.67,76.03,8.35,PM Fasal Bima Yojana
Cotton,88,15,87,8.2,1145,28.39,57.84,3.86,Soil Health Card Scheme
Fruits,128,69,65,8.16,1971,30.81,58.68,3.08,PM Fasal Bima Yojana
Fruits,25,49,58,5.28,486,35.95,82.94,7.61,PM Fasal Bima Yojana
Sugarcane,92,43,56,6.14,894,27.23,61.48,7.54,Paramparagat Krishi Vikas Yojana
Jute,25,32,41,6.67,1120,25.36,76.62,8.88,Soil Health Card Scheme
Maize,55,48,92,5.35,546,23.39,77.47,5.93,PM Fasal Bima Yojana
Fruits,66,47,81,7.99,2359,32.55,48.58,5.25,PM Fasal Bima Yojana
Sugarcane,20,48,67,8.28,1856,27.39,86.66,4.67,Soil Health Card Scheme
Rice,90,27,88,7.56,1430,34.32,87.57,7.88,Soil Health Card Scheme
Fruits,22,43,51,7.36,1567,15.25,76.17,5.59,PM Fasal Bima Yojana
Fruits,105,55,70,5.64,1622,26.28,49.17,8.62,Paramparagat Krishi Vikas Yojana
Maize,30,67,65,6.05,1655,15.39,54.04,2.48,Soil Health Card Scheme
Fruits,123,50,98,4.77,1084,26.26,65.67,9.9,Paramparagat Krishi Vikas Yojana
Spices,112,17,73,7.42,439,16.72,58.48,4.91,PM Fasal Bima Yojana
Spices,114,44,21,7.15,1070,35.11,78.64,5.71,Soil Health Card Scheme
Spices,77,59,81,7.71,1634,30.51,77.11,2.11,PM-KISAN
Sugarcane,48,72,36,5.53,1390,29.93,72.71,8.95,Soil Health Card Scheme
Sugarcane,81,56,95,6.4,453,24.66,69.43,2.26,PM Fasal Bima Yojana
Wheat,113,24,63,7.48,1759,16.92,74.81,4.14,PM Fasal Bima Yojana
Wheat,81,76,57,6.63,594,38.48,71.82,3.58,PM-KISAN
Spices,129,27,46,6.88,2009,31.55,80.75,7.89,PM Fasal Bima Yojana
Sugarcane,107,47,47,5.37,1493,25.38,84.42,8.33,Soil Health Card Scheme
Wheat,67,20,75,5.3,854,39.9,81.27,8.53,Soil Health Card Scheme
Sugarcane,67,41,39,8.11,1356,33.7,80.33,8.65,Soil Health Card Scheme
Maize,114,29,35,6.14,2304,39.03,84.59,8.57,PM Fasal Bima Yojana
Jute,54,52,50,7.56,513,32.65,55.45,1.76,PM-KISAN
Spices,118,17,99,6.16,738,29.52,89.53,7.69,Soil Health Card Scheme
Spices,80,57,44,5.42,2343,24.48,58.57,6.38,PM Fasal Bima Yojana
Jute,70,35,31,6.48,2181,35.11,75.76,6.14,PM Fasal Bima Yojana
Wheat,46,69,73,5.99,1498,19.18,65.02,7.06,Soil Health Card Scheme
Fruits,73,36,84,7.04,2078,20.1,42.12,6.01,PM Fasal Bima Yojana
Wheat,39,64,52,6.94,1466,26.34,62.74,7.01,Soil Health Card Scheme
Vegetables,109,27,96,6.84,1344,21.93,86.07,6.04,Soil Health Card Scheme
Vegetables,62,36,39,4.63,695,20.77,85.78,6.35,PM Krishi Sinchai Yojana
Pulses,99,59,78,8.04,1343,24.39,80.0,8.9,PM-KISAN
Jute,125,71,27,8.26,1284,16.56,56.76,1.14,PM-KISAN
Rice,36,78,61,8.25,2338,28.8,79.47,4.45,Soil Health Card Scheme
Wheat,121,24,51,5.17,2440,39.19,61.99,3.14,PM Fasal Bima Yojana
Vegetables,112,70,79,7.81,1036,22.56,88.77,2.12,Paramparagat Krishi Vikas Yojana
Wheat,83,52,41,6.44,410,29.09,80.19,1.8,PM-KISAN
Vegetables,129,38,63,5.59,1869,36.89,62.09,9.85,PM Krishi Sinchai Yojana
Jute,75,23,41,7.4,1087,28.68,89.59,6.81,PM-KISAN
Pulses,58,27,51,8.06,1505,26.77,72.8,5.82,Soil Health Card Scheme
Pulses,118,62,37,4.99,2230,26.35,78.12,1.7,PM Fasal Bima Yojana
Jute,25,74,33,7.08,2443,28.82,58.61,6.79,Soil Health Card Scheme
Jute,113,42,22,5.23,1119,22.14,86.36,9.71,Soil Health Card Scheme
Fruits,25,46,29,5.97,1098,23.44,76.47,5.95,Paramparagat Krishi Vikas Yojana
Fruits,50,36,23,4.5,675,24.41,51.6,3.02,Soil Health Card Scheme
Rice,43,72,91,8.18,508,38.62,70.5,9.28,PM Fasal Bima Yojana
Pulses,120,42,80,5.12,1121,27.82,75.2,9.38,PM Krishi Sinchai Yojana
Wheat,32,57,40,4.68,1890,30.38,85.53,5.34,Soil Health Card Scheme
Pulses,71,44,52,7.91,2117,39.91,79.8,7.66,PM Fasal Bima Yojana
Rice,128,71,27,5.62,1691,24.49,80.07,4.22,Soil Health Card Scheme
Rice,116,46,59,8.22,789,24.15,55.9,7.62,Soil Health Card Scheme
Vegetables,124,63,30,5.67,1873,31.7,86.66,3.02,Soil Health Card Scheme
Maize,75,42,85,6.98,692,37.12,76.95,3.14,Paramparagat Krishi Vikas Yojana
Cotton,77,46,79,8.46,1609,21.95,47.11,3.48,Soil Health Card Scheme
Spices,101,62,59,6.66,1367,38.47,62.64,2.39,PM-KISAN
Vegetables,95,45,33,6.3,2002,21.17,63.55,6.79,PM Fasal Bima Yojana
Vegetables,29,38,24,4.96,670,26.56,83.25,2.87,Soil Health Card Scheme
Pulses,114,64,31,8.14,486,22.47,45.35,4.68,PM Fasal Bima Yojana
Maize,40,63,81,6.44,1283,22.2,64.64,3.35,Soil Health Card Scheme
Fruits,40,19,89,8.11,1726,15.38,69.07,1.51,PM-KISAN
Vegetables,42,78,86,6.14,744,38.57,44.14,2.91,PM Fasal Bima Yojana
Spices,128,67,74,5.95,842,39.51,50.73,1.14,PM-KISAN
Rice,123,74,70,7.13,2411,20.58,83.66,8.0,PM Fasal Bima Yojana
Sugarcane,111,72,75,5.89,1670,17.89,41.36,5.47,Paramparagat Krishi Vikas Yojana
Rice,84,77,73,8.09,1758,35.52,63.87,3.83,Soil Health Card Scheme
Rice,137,27,36,7.84,895,27.05,82.05,2.6,PM Fasal Bima Yojana
Sugarcane,46,27,50,5.71,1483,17.97,86.69,7.0,PM Fasal Bima Yojana
Spices,66,19,39,5.5,1871,30.48,56.61,9.32,Soil Health Card Scheme
Pulses,63,29,38,7.59,1403,32.33,72.41,2.7,Soil Health Card Scheme
Spices,67,58,43,6.95,544,37.48,88.11,4.72,PM Fasal Bima Yojana
Sugarcane,77,28,56,4.78,2174,22.2,67.82,0.78,PM-KISAN
Cotton,64,42,85,6.73,1157,22.94,88.43,2.99,PM Fasal Bima Yojana
Wheat,27,71,99,6.11,1881,22.87,42.15,7.92,PM Fasal Bima Yojana
Pulses,88,20,75,7.88,2453,21.28,82.21,5.1,PM Fasal Bima Yojana
Jute,93,20,82,5.59,1210,39.46,88.29,4.25,PM Fasal Bima Yojana
Jute,51,49,41,5.03,2303,30.48,62.72,7.91,PM Fasal Bima Yojana
Pulses,33,32,92,5.22,1506,37.18,60.99,5.22,PM Fasal Bima Yojana
Fruits,47,39,93,8.09,1416,32.26,57.03,8.15,PM-KISAN
Wheat,29,25,40,8.29,1871,22.0,53.89,0.84,PM-KISAN
Rice,134,32,78,6.83,1352,34.68,55.32,0.88,PM-KISAN
Cotton,122,16,78,6.64,990,21.79,85.21,4.06,Soil Health Card Scheme
Vegetables,31,27,62,7.72,652,22.94,52.97,1.33,Soil Health Card Scheme
Jute,49,37,35,5.83,1494,16.28,64.63,4.7,PM Fasal Bima Yojana
Cotton,38,35,83,5.69,684,18.73,53.41,3.93,Soil Health Card Scheme
Wheat,88,68,49,6.07,870,35.07,52.33,9.77,PM Fasal Bima Yojana
Cotton,92,33,57,5.46,547,31.83,81.22,4.27,Soil Health Card Scheme
Jute,41,72,87,5.58,2225,15.75,62.23,5.29,PM-KISAN
Maize,76,75,50,5.66,1604,34.2,61.72,4.74,Soil Health Card Scheme
Vegetables,36,30,35,5.31,644,25.74,53.95,1.73,Soil Health Card Scheme
Wheat,31,79,66,5.34,1809,30.06,65.58,1.08,Paramparagat Krishi Vikas Yojana
Maize,31,41,73,6.91,1055,15.14,40.07,4.09,PM Fasal Bima Yojana
Spices,59,56,66,4.74,1660,30.15,82.47,0.93,PM-KISAN
Wheat,51,26,59,5.01,2281,15.34,44.08,2.96,Soil Health Card Scheme
Rice,70,50,43,6.47,1809,31.6,88.27,0.98,PM-KISAN
Cotton,122,38,40,4.78,2292,30.02,57.05,9.21,PM Fasal Bima Yojana
Vegetables,89,50,64,5.67,1779,30.14,55.39,8.46,Soil Health Card Scheme
Sugarcane,86,37,35,5.37,2178,29.84,40.81,7.42,Soil Health Card Scheme
Pulses,65,46,34,4.88,1080,26.52,64.95,3.52,Soil Health Card Scheme
Pulses,123,57,50,5.79,875,21.36,40.64,5.63,Paramparagat Krishi Vikas Yojana
Cotton,54,19,92,6.71,1934,28.72,59.0,6.27,PM-KISAN
Pulses,20,58,94,7.82,965,26.1,66.59,8.8,Soil Health Card Scheme
Maize,84,72,72,5.72,2272,27.23,82.98,6.13,PM Fasal Bima Yojana
Rice,22,74,54,7.17,2044,21.42,80.2,4.55,PM Fasal Bima Yojana
Fruits,105,66,72,7.69,1466,19.91,46.28,9.65,PM-KISAN
Spices,42,57,96,6.67,1443,31.3,81.62,9.77,PM Fasal Bima Yojana
Pulses,97,25,45,5.68,826,21.79,59.96,6.19,Soil Health Card Scheme
Rice,118,73,71,7.42,775,16.87,85.39,9.97,PM Fasal Bima Yojana
Sugarcane,129,26,62,8.27,1844,15.52,55.79,1.04,PM-KISAN
Sugarcane,73,71,23,6.08,2454,26.35,60.61,9.38,Soil Health Card Scheme
Fruits,45,39,73,6.37,1197,27.48,45.32,1.58,PM-KISAN
Vegetables,108,65,66,6.97,643,24.92,62.77,4.44,PM Krishi Sinchai Yojana
Rice,101,55,93,6.41,790,28.13,45.56,8.75,PM-KISAN
Wheat,23,31,23,5.34,1129,20.37,42.1,3.95,PM-KISAN
Vegetables,102,50,69,6.62,2234,29.15,85.4,4.26,PM-KISAN
Cotton,56,31,58,8.26,1701,26.92,71.5,8.37,Soil Health Card Scheme
Jute,90,15,77,8.45,1513,19.43,76.1,0.88,PM-KISAN
Jute,37,44,61,6.43,1947,38.76,41.1,9.83,Soil Health Card Scheme
Rice,126,76,34,6.94,1910,24.52,42.73,6.19,Paramparagat Krishi Vikas Yojana
Sugarcane,56,72,52,7.84,979,19.99,53.22,5.28,PM-KISAN
Wheat,63,20,61,7.64,1990,21.18,83.31,2.06,Soil Health Card Scheme
Maize,138,63,28,4.58,1977,22.08,81.86,5.66,Soil Health Card Scheme
Maize,102,24,48,6.05,1819,24.94,65.59,5.09,PM Krishi Sinchai Yojana
Cotton,66,18,70,4.75,956,28.83,66.02,9.95,PM Fasal Bima Yojana
Jute,90,29,90,4.68,2213,28.53,72.28,0.93,PM-KISAN
Vegetables,75,64,31,8.44,2123,18.08,65.93,2.84,Soil Health Card Scheme
Jute,62,39,37,8.21,2269,22.15,73.62,2.11,PM Krishi Sinchai Yojana
Fruits,123,60,86,8.37,1941,33.22,55.77,4.23,PM-KISAN
Sugarcane,101,59,66,8.19,894,25.93,71.39,6.65,Soil Health Card Scheme
Pulses,72,40,33,7.82,1851,27.25,71.54,7.53,Soil Health Card Scheme
Vegetables,137,33,95,7.42,2283,33.29,58.61,5.46,PM-KISAN
Jute,45,54,99,7.2,1766,29.21,42.96,6.51,PM Krishi Sinchai Yojana
Vegetables,127,69,45,8.13,2344,25.23,57.72,3.38,PM Fasal Bima Yojana
Pulses,115,44,96,6.88,2278,21.1,72.8,2.39,PM-KISAN
Vegetables,134,61,59,5.52,1558,34.51,68.19,2.98,Soil Health Card Scheme
Fruits,50,35,59,6.94,2012,26.01,55.87,9.16,Soil Health Card Scheme
Wheat,44,72,60,6.48,1301,15.6,69.24,9.44,PM Fasal Bima Yojana
Vegetables,38,32,83,6.7,2172,21.34,72.1,3.12,PM Fasal Bima Yojana
Wheat,108,30,38,7.73,927,22.39,52.79,3.61,PM-KISAN
Vegetables,74,32,53,6.24,444,29.7,61.32,6.35,PM-KISAN
Fruits,135,32,79,4.56,780,35.3,40.69,6.67,PM Fasal Bima Yojana
Fruits,45,18,35,5.83,2312,37.15,62.93,5.86,PM Fasal Bima Yojana
Wheat,112,27,23,8.49,1518,18.32,71.92,3.54,PM-KISAN
Maize,120,56,32,5.34,1052,31.87,51.95,7.7,Soil Health Card Scheme
Wheat,137,70,79,5.34,2231,35.09,44.19,4.17,Soil Health Card Scheme
Fruits,50,64,39,6.07,608,19.56,88.26,4.57,Soil Health Card Scheme
Pulses,89,72,94,7.08,1615,30.9,59.91,0.56,PM-KISAN
Vegetables,124,29,74,7.56,1890,38.91,58.83,3.72,PM Fasal Bima Yojana
Vegetables,70,56,36,5.71,1372,36.78,79.25,3.1,PM Fasal Bima Yojana
Wheat,106,20,48,5.81,1862,27.51,72.29,5.35,PM Fasal Bima Yojana
Maize,94,52,80,5.05,1087,23.22,73.12,7.64,Soil Health Card Scheme
Cotton,131,73,90,5.03,590,17.05,72.34,6.44,PM Fasal Bima Yojana
Vegetables,26,41,20,6.4,1366,24.58,48.41,8.45,Soil Health Card Scheme
Wheat,82,51,78,6.92,1812,39.53,86.62,9.37,PM Fasal Bima Yojana
Rice,43,37,69,5.73,1758,16.77,57.49,8.69,Soil Health Card Scheme
Fruits,117,75,51,8.48,2307,28.61,88.79,4.01,Soil Health Card Scheme
Sugarcane,90,45,83,6.53,949,16.58,59.84,5.0,PM Fasal Bima Yojana
Fruits,75,75,41,5.28,1338,26.45,52.83,7.65,Soil Health Card Scheme
Wheat,113,20,88,5.54,1951,24.41,68.54,5.05,Soil Health Card Scheme
Wheat,28,78,41,7.79,556,18.01,43.38,7.38,PM Fasal Bima Yojana
Rice,20,18,23,5.47,2106,33.6,75.55,2.73,PM Fasal Bima Yojana
